Sport,Earnings,Panel
Baseball,60000,Major
Women's Basketball,170000,Major
Football,420000,Major
Men's Basketball,660000,Major
Fencing,300,Nonrevenue
Rifle,500,Nonrevenue
Men's volleyball,1200,Nonrevenue
Bowling,1500,Nonrevenue
Rowing,2000,Nonrevenue
Field hockey,2500,Nonrevenue
Men's gymnastics,4500,Nonrevenue
Men's ice hockey,5200,Nonrevenue
Women's ice hockey,5500,Nonrevenue
Men's tennis,6000,Nonrevenue
Women's lacrosse,6200,Nonrevenue
Men's swimming/diving,6500,Nonrevenue
Men's soccer,7000,Nonrevenue
Men's lacrosse,7500,Nonrevenue
Women's tennis,8000,Nonrevenue
Women's golf,8500,Nonrevenue
Women's volleyball,10500,Nonrevenue
Softball,11500,Nonrevenue
Women's soccer,12500,Nonrevenue
Women's swimming/diving,13500,Nonrevenue
Women's track/cross country,14000,Nonrevenue
Men's track/cross country,15500,Nonrevenue
Wrestling,16000,Nonrevenue
Women's gymnastics,21000,Nonrevenue
Men's golf,22000,Nonrevenue
